Source_ID,Right_Ascension,Declination,AB_Magnitude,Source_Type
VIS-001,83.633,22.014,16.40006562228223,Visible_Light
VIS-002,201.365,-43.019,17.049158898546622,Visible_Light
VIS-003,10.684,41.269,15.495746032238248,Visible_Light
VIS-004,266.417,-29.008,16.551267490735682,Visible_Light
XR-Alpha,322.278309690217,87.15361226306281,18.5,X-Ray
XR-Beta,298.0357511671099,5.806023539285434,20.1,X-Ray
XR-Gamma,208.41794749954235,-4.368613056152449,16.8,X-Ray
